date,product_id,forecast_demand,actual_demand
2025-01-01,P001,538,575
2025-01-01,P002,510,619
2025-01-01,P003,491,452
2025-01-01,P004,555,568
2025-01-01,P005,492,435
2025-01-01,P006,514,342
2025-01-01,P007,540,491
2025-01-01,P008,522,498
2025-01-01,P009,481,462
2025-01-01,P010,456,487
2025-01-01,P011,511,570
2025-01-01,P012,465,478
2025-01-01,P013,509,696
2025-01-01,P014,469,554
2025-01-01,P015,546,620
2025-01-01,P016,487,541
2025-01-01,P017,488,449
2025-01-01,P018,525,510
2025-01-01,P019,480,396
2025-01-01,P020,543,536
2025-01-02,P001,458,248
2025-01-02,P002,531,596
2025-01-02,P003,436,372
2025-01-02,P004,496,555
2025-01-02,P005,542,615
2025-01-02,P006,501,527
2025-01-02,P007,599,574
2025-01-02,P008,479,532
2025-01-02,P009,463,349
2025-01-02,P010,497,463
2025-01-02,P011,512,436
2025-01-02,P012,545,657
2025-01-02,P013,539,523
2025-01-02,P014,454,478
2025-01-02,P015,507,444
2025-01-02,P016,580,641
2025-01-02,P017,545,465
2025-01-02,P018,528,482
2025-01-02,P019,542,584
2025-01-02,P020,443,369
2025-01-03,P001,521,586
2025-01-03,P002,542,443
2025-01-03,P003,595,698
2025-01-03,P004,612,542
2025-01-03,P005,604,627
2025-01-03,P006,542,484
2025-01-03,P007,444,477
2025-01-03,P008,578,653
2025-01-03,P009,498,491
2025-01-03,P010,589,616
2025-01-03,P011,560,447
2025-01-03,P012,509,506
2025-01-03,P013,522,504
2025-01-03,P014,553,610
2025-01-03,P015,479,404
2025-01-03,P016,521,479
2025-01-03,P017,614,618
2025-01-03,P018,522,430
2025-01-03,P019,470,542
2025-01-03,P020,494,445
2025-01-04,P001,466,511
2025-01-04,P002,557,647
2025-01-04,P003,597,610
2025-01-04,P004,529,460
2025-01-04,P005,538,500
2025-01-04,P006,491,578
2025-01-04,P007,561,752
2025-01-04,P008,490,637
2025-01-04,P009,430,366
2025-01-04,P010,610,600
2025-01-04,P011,582,657
2025-01-04,P012,506,607
2025-01-04,P013,509,610
2025-01-04,P014,525,468
2025-01-04,P015,584,550
2025-01-04,P016,471,482
2025-01-04,P017,537,614
2025-01-04,P018,581,704
2025-01-04,P019,506,676
2025-01-04,P020,547,390
2025-01-05,P001,515,476
2025-01-05,P002,554,570
2025-01-05,P003,472,500
2025-01-05,P004,520,464
2025-01-05,P005,507,551
2025-01-05,P006,573,516
2025-01-05,P007,577,559
2025-01-05,P008,598,685
2025-01-05,P009,552,510
2025-01-05,P010,521,596
2025-01-05,P011,561,568
2025-01-05,P012,583,630
2025-01-05,P013,568,629
2025-01-05,P014,538,591
2025-01-05,P015,522,455
2025-01-05,P016,557,531
2025-01-05,P017,551,516
2025-01-05,P018,504,520
2025-01-05,P019,485,369
2025-01-05,P020,529,416
2025-01-06,P001,548,523
2025-01-06,P002,572,571
2025-01-06,P003,539,580
2025-01-06,P004,655,777
2025-01-06,P005,561,566
2025-01-06,P006,503,581
2025-01-06,P007,472,644
2025-01-06,P008,544,482
2025-01-06,P009,535,526
2025-01-06,P010,582,660
2025-01-06,P011,552,491
2025-01-06,P012,528,540
2025-01-06,P013,588,647
2025-01-06,P014,591,709
2025-01-06,P015,605,699
2025-01-06,P016,574,536
2025-01-06,P017,539,342
2025-01-06,P018,473,400
2025-01-06,P019,500,500
2025-01-06,P020,586,589
2025-01-07,P001,510,400
2025-01-07,P002,589,631
2025-01-07,P003,504,606
2025-01-07,P004,581,573
2025-01-07,P005,547,501
2025-01-07,P006,495,698
2025-01-07,P007,538,554
2025-01-07,P008,572,575
2025-01-07,P009,534,371
2025-01-07,P010,628,784
2025-01-07,P011,573,583
2025-01-07,P012,519,480
2025-01-07,P013,491,520
2025-01-07,P014,530,454
2025-01-07,P015,548,512
2025-01-07,P016,521,482
2025-01-07,P017,546,537
2025-01-07,P018,543,460
2025-01-07,P019,501,542
2025-01-07,P020,511,607
2025-01-08,P001,516,565
2025-01-08,P002,521,581
2025-01-08,P003,574,716
2025-01-08,P004,559,579
2025-01-08,P005,612,583
2025-01-08,P006,600,672
2025-01-08,P007,537,412
2025-01-08,P008,488,504
2025-01-08,P009,619,744
2025-01-08,P010,600,644
2025-01-08,P011,465,483
2025-01-08,P012,540,607
2025-01-08,P013,517,467
2025-01-08,P014,549,448
2025-01-08,P015,529,592
2025-01-08,P016,549,560
2025-01-08,P017,537,636
2025-01-08,P018,522,515
2025-01-08,P019,560,542
2025-01-08,P020,565,576
2025-01-09,P001,540,705
2025-01-09,P002,531,375
2025-01-09,P003,611,802
2025-01-09,P004,578,529
2025-01-09,P005,467,426
2025-01-09,P006,588,488
2025-01-09,P007,619,680
2025-01-09,P008,595,646
2025-01-09,P009,503,568
2025-01-09,P010,604,467
2025-01-09,P011,518,331
2025-01-09,P012,604,724
2025-01-09,P013,584,603
2025-01-09,P014,535,412
2025-01-09,P015,492,490
2025-01-09,P016,533,617
2025-01-09,P017,563,523
2025-01-09,P018,472,503
2025-01-09,P019,556,376
2025-01-09,P020,500,554
2025-01-10,P001,554,667
2025-01-10,P002,517,479
2025-01-10,P003,550,455
2025-01-10,P004,588,533
2025-01-10,P005,522,500
2025-01-10,P006,609,573
2025-01-10,P007,610,561
2025-01-10,P008,522,626
2025-01-10,P009,552,525
2025-01-10,P010,548,510
2025-01-10,P011,580,623
2025-01-10,P012,552,443
2025-01-10,P013,549,532
2025-01-10,P014,575,499
2025-01-10,P015,591,575
2025-01-10,P016,608,633
2025-01-10,P017,586,513
2025-01-10,P018,547,489
2025-01-10,P019,663,671
2025-01-10,P020,559,649
2025-01-11,P001,495,485
2025-01-11,P002,490,502
2025-01-11,P003,508,487
2025-01-11,P004,597,717
2025-01-11,P005,486,509
2025-01-11,P006,604,583
2025-01-11,P007,612,686
2025-01-11,P008,535,636
2025-01-11,P009,516,527
2025-01-11,P010,585,663
2025-01-11,P011,604,581
2025-01-11,P012,544,459
2025-01-11,P013,464,573
2025-01-11,P014,529,605
2025-01-11,P015,553,647
2025-01-11,P016,572,518
2025-01-11,P017,574,572
2025-01-11,P018,540,566
2025-01-11,P019,575,466
2025-01-11,P020,517,479
2025-01-12,P001,565,641
2025-01-12,P002,519,562
2025-01-12,P003,486,630
2025-01-12,P004,470,468
2025-01-12,P005,550,606
2025-01-12,P006,493,386
2025-01-12,P007,517,489
2025-01-12,P008,504,519
2025-01-12,P009,537,458
2025-01-12,P010,591,675
2025-01-12,P011,585,633
2025-01-12,P012,535,413
2025-01-12,P013,516,513
2025-01-12,P014,527,668
2025-01-12,P015,544,456
2025-01-12,P016,526,600
2025-01-12,P017,609,623
2025-01-12,P018,526,419
2025-01-12,P019,574,537
2025-01-12,P020,501,551
2025-01-13,P001,450,484
2025-01-13,P002,452,468
2025-01-13,P003,568,676
2025-01-13,P004,584,555
2025-01-13,P005,473,371
2025-01-13,P006,475,588
2025-01-13,P007,536,651
2025-01-13,P008,576,423
2025-01-13,P009,472,552
2025-01-13,P010,497,481
2025-01-13,P011,569,567
2025-01-13,P012,483,438
2025-01-13,P013,516,446
2025-01-13,P014,466,529
2025-01-13,P015,532,529
2025-01-13,P016,472,490
2025-01-13,P017,491,675
2025-01-13,P018,587,533
2025-01-13,P019,494,444
2025-01-13,P020,492,447
2025-01-14,P001,476,446
2025-01-14,P002,565,471
2025-01-14,P003,505,521
2025-01-14,P004,563,441
2025-01-14,P005,548,499
2025-01-14,P006,565,562
2025-01-14,P007,528,450
2025-01-14,P008,445,376
2025-01-14,P009,508,511
2025-01-14,P010,534,616
2025-01-14,P011,580,592
2025-01-14,P012,547,685
2025-01-14,P013,595,620
2025-01-14,P014,482,431
2025-01-14,P015,511,529
2025-01-14,P016,543,530
2025-01-14,P017,558,478
2025-01-14,P018,560,572
2025-01-14,P019,509,505
2025-01-14,P020,563,536
2025-01-15,P001,559,600
2025-01-15,P002,510,460
2025-01-15,P003,471,424
2025-01-15,P004,535,687
2025-01-15,P005,375,465
2025-01-15,P006,530,493
2025-01-15,P007,483,586
2025-01-15,P008,482,490
2025-01-15,P009,488,340
2025-01-15,P010,471,425
2025-01-15,P011,454,494
2025-01-15,P012,507,644
2025-01-15,P013,479,466
2025-01-15,P014,544,449
2025-01-15,P015,480,611
2025-01-15,P016,480,600
2025-01-15,P017,566,637
2025-01-15,P018,526,388
2025-01-15,P019,537,609
2025-01-15,P020,535,636
2025-01-16,P001,452,451
2025-01-16,P002,521,428
2025-01-16,P003,503,481
2025-01-16,P004,466,459
2025-01-16,P005,558,669
2025-01-16,P006,504,577
2025-01-16,P007,574,527
2025-01-16,P008,546,633
2025-01-16,P009,464,630
2025-01-16,P010,516,460
2025-01-16,P011,466,383
2025-01-16,P012,510,467
2025-01-16,P013,497,500
2025-01-16,P014,511,520
2025-01-16,P015,441,528
2025-01-16,P016,474,465
2025-01-16,P017,467,715
2025-01-16,P018,557,584
2025-01-16,P019,511,497
2025-01-16,P020,542,612
2025-01-17,P001,438,548
2025-01-17,P002,512,574
2025-01-17,P003,449,446
2025-01-17,P004,523,616
2025-01-17,P005,519,426
2025-01-17,P006,488,513
2025-01-17,P007,521,483
2025-01-17,P008,425,452
2025-01-17,P009,494,473
2025-01-17,P010,413,511
2025-01-17,P011,440,414
2025-01-17,P012,483,649
2025-01-17,P013,518,492
2025-01-17,P014,414,377
2025-01-17,P015,495,510
2025-01-17,P016,555,483
2025-01-17,P017,590,466
2025-01-17,P018,468,508
2025-01-17,P019,446,387
2025-01-17,P020,435,475
2025-01-18,P001,501,565
2025-01-18,P002,556,458
2025-01-18,P003,450,517
2025-01-18,P004,473,618
2025-01-18,P005,486,465
2025-01-18,P006,489,448
2025-01-18,P007,478,541
2025-01-18,P008,482,450
2025-01-18,P009,431,500
2025-01-18,P010,460,287
2025-01-18,P011,499,535
2025-01-18,P012,522,438
2025-01-18,P013,517,386
2025-01-18,P014,504,517
2025-01-18,P015,485,464
2025-01-18,P016,481,512
2025-01-18,P017,496,360
2025-01-18,P018,515,507
2025-01-18,P019,527,648
2025-01-18,P020,493,554
2025-01-19,P001,519,527
2025-01-19,P002,466,359
2025-01-19,P003,459,412
2025-01-19,P004,538,543
2025-01-19,P005,511,454
2025-01-19,P006,459,405
2025-01-19,P007,470,401
2025-01-19,P008,465,380
2025-01-19,P009,457,437
2025-01-19,P010,492,401
2025-01-19,P011,519,475
2025-01-19,P012,402,326
2025-01-19,P013,448,473
2025-01-19,P014,449,448
2025-01-19,P015,447,492
2025-01-19,P016,499,629
2025-01-19,P017,492,403
2025-01-19,P018,449,392
2025-01-19,P019,478,496
2025-01-19,P020,558,433
2025-01-20,P001,469,524
2025-01-20,P002,426,581
2025-01-20,P003,476,519
2025-01-20,P004,443,369
2025-01-20,P005,409,514
2025-01-20,P006,488,390
2025-01-20,P007,451,636
2025-01-20,P008,399,430
2025-01-20,P009,525,439
2025-01-20,P010,484,412
2025-01-20,P011,451,362
2025-01-20,P012,443,270
2025-01-20,P013,482,451
2025-01-20,P014,526,563
2025-01-20,P015,516,537
2025-01-20,P016,495,520
2025-01-20,P017,481,398
2025-01-20,P018,479,584
2025-01-20,P019,455,566
2025-01-20,P020,419,463
2025-01-21,P001,518,558
2025-01-21,P002,470,474
2025-01-21,P003,489,392
2025-01-21,P004,487,534
2025-01-21,P005,423,367
2025-01-21,P006,451,445
2025-01-21,P007,423,391
2025-01-21,P008,471,484
2025-01-21,P009,410,326
2025-01-21,P010,526,509
2025-01-21,P011,401,368
2025-01-21,P012,520,427
2025-01-21,P013,474,613
2025-01-21,P014,387,450
2025-01-21,P015,552,617
2025-01-21,P016,513,408
2025-01-21,P017,447,505
2025-01-21,P018,447,347
2025-01-21,P019,406,443
2025-01-21,P020,515,528
2025-01-22,P001,477,524
2025-01-22,P002,478,518
2025-01-22,P003,461,541
2025-01-22,P004,460,449
2025-01-22,P005,464,454
2025-01-22,P006,485,492
2025-01-22,P007,389,340
2025-01-22,P008,504,599
2025-01-22,P009,448,450
2025-01-22,P010,530,462
2025-01-22,P011,450,433
2025-01-22,P012,564,554
2025-01-22,P013,471,475
2025-01-22,P014,429,450
2025-01-22,P015,409,453
2025-01-22,P016,432,415
2025-01-22,P017,509,491
2025-01-22,P018,523,500
2025-01-22,P019,442,509
2025-01-22,P020,493,427
2025-01-23,P001,490,504
2025-01-23,P002,364,260
2025-01-23,P003,452,454
2025-01-23,P004,458,338
2025-01-23,P005,411,456
2025-01-23,P006,513,372
2025-01-23,P007,428,407
2025-01-23,P008,438,436
2025-01-23,P009,439,392
2025-01-23,P010,496,543
2025-01-23,P011,509,531
2025-01-23,P012,496,612
2025-01-23,P013,499,637
2025-01-23,P014,458,426
2025-01-23,P015,504,597
2025-01-23,P016,359,313
2025-01-23,P017,492,615
2025-01-23,P018,428,588
2025-01-23,P019,456,455
2025-01-23,P020,460,564
2025-01-24,P001,388,296
2025-01-24,P002,397,381
2025-01-24,P003,474,489
2025-01-24,P004,497,543
2025-01-24,P005,413,383
2025-01-24,P006,511,598
2025-01-24,P007,458,515
2025-01-24,P008,504,638
2025-01-24,P009,445,527
2025-01-24,P010,465,449
2025-01-24,P011,486,483
2025-01-24,P012,456,597
2025-01-24,P013,451,482
2025-01-24,P014,430,384
2025-01-24,P015,461,390
2025-01-24,P016,505,438
2025-01-24,P017,471,428
2025-01-24,P018,395,393
2025-01-24,P019,424,429
2025-01-24,P020,542,583
2025-01-25,P001,449,360
2025-01-25,P002,485,530
2025-01-25,P003,486,427
2025-01-25,P004,500,435
2025-01-25,P005,425,455
2025-01-25,P006,419,563
2025-01-25,P007,409,443
2025-01-25,P008,429,501
2025-01-25,P009,435,410
2025-01-25,P010,413,347
2025-01-25,P011,477,505
2025-01-25,P012,472,405
2025-01-25,P013,509,579
2025-01-25,P014,400,393
2025-01-25,P015,434,423
2025-01-25,P016,378,307
2025-01-25,P017,414,338
2025-01-25,P018,511,421
2025-01-25,P019,478,379
2025-01-25,P020,426,443
2025-01-26,P001,376,399
2025-01-26,P002,440,500
2025-01-26,P003,484,477
2025-01-26,P004,507,543
2025-01-26,P005,370,513
2025-01-26,P006,433,450
2025-01-26,P007,388,307
2025-01-26,P008,502,593
2025-01-26,P009,470,430
2025-01-26,P010,492,571
2025-01-26,P011,394,362
2025-01-26,P012,450,376
2025-01-26,P013,409,400
2025-01-26,P014,432,530
2025-01-26,P015,431,453
2025-01-26,P016,464,443
2025-01-26,P017,415,260
2025-01-26,P018,493,503
2025-01-26,P019,490,518
2025-01-26,P020,498,537
2025-01-27,P001,503,425
2025-01-27,P002,499,511
2025-01-27,P003,413,370
2025-01-27,P004,505,497
2025-01-27,P005,483,498
2025-01-27,P006,495,520
2025-01-27,P007,529,704
2025-01-27,P008,452,494
2025-01-27,P009,435,441
2025-01-27,P010,440,393
2025-01-27,P011,482,429
2025-01-27,P012,542,553
2025-01-27,P013,472,477
2025-01-27,P014,425,517
2025-01-27,P015,474,495
2025-01-27,P016,491,542
2025-01-27,P017,410,450
2025-01-27,P018,538,647
2025-01-27,P019,480,592
2025-01-27,P020,449,537
2025-01-28,P001,475,458
2025-01-28,P002,486,346
2025-01-28,P003,491,475
2025-01-28,P004,517,541
2025-01-28,P005,444,340
2025-01-28,P006,465,254
2025-01-28,P007,439,248
2025-01-28,P008,444,328
2025-01-28,P009,489,556
2025-01-28,P010,467,420
2025-01-28,P011,451,445
2025-01-28,P012,491,443
2025-01-28,P013,477,382
2025-01-28,P014,511,577
2025-01-28,P015,447,512
2025-01-28,P016,532,435
2025-01-28,P017,464,447
2025-01-28,P018,400,468
2025-01-28,P019,487,505
2025-01-28,P020,483,556
2025-01-29,P001,510,616
2025-01-29,P002,515,575
2025-01-29,P003,403,392
2025-01-29,P004,509,358
2025-01-29,P005,466,534
2025-01-29,P006,463,565
2025-01-29,P007,486,566
2025-01-29,P008,483,429
2025-01-29,P009,457,311
2025-01-29,P010,481,425
2025-01-29,P011,449,360
2025-01-29,P012,471,453
2025-01-29,P013,426,312
2025-01-29,P014,427,524
2025-01-29,P015,393,294
2025-01-29,P016,500,452
2025-01-29,P017,447,359
2025-01-29,P018,517,488
2025-01-29,P019,545,335
2025-01-29,P020,498,400
2025-01-30,P001,537,588
2025-01-30,P002,457,497
2025-01-30,P003,528,427
2025-01-30,P004,443,373
2025-01-30,P005,469,396
2025-01-30,P006,436,520
2025-01-30,P007,436,472
2025-01-30,P008,555,615
2025-01-30,P009,510,466
2025-01-30,P010,451,447
2025-01-30,P011,496,497
2025-01-30,P012,464,516
2025-01-30,P013,537,750
2025-01-30,P014,489,565
2025-01-30,P015,479,470
2025-01-30,P016,536,612
2025-01-30,P017,482,400
2025-01-30,P018,485,421
2025-01-30,P019,461,531
2025-01-30,P020,537,600
2025-01-31,P001,473,564
2025-01-31,P002,481,438
2025-01-31,P003,470,528
2025-01-31,P004,559,600
2025-01-31,P005,556,602
2025-01-31,P006,455,490
2025-01-31,P007,458,403
2025-01-31,P008,489,477
2025-01-31,P009,489,491
2025-01-31,P010,545,593
2025-01-31,P011,567,438
2025-01-31,P012,428,366
2025-01-31,P013,480,457
2025-01-31,P014,542,592
2025-01-31,P015,438,546
2025-01-31,P016,432,327
2025-01-31,P017,568,516
2025-01-31,P018,479,494
2025-01-31,P019,500,584
2025-01-31,P020,494,714
2025-02-01,P001,477,503
2025-02-01,P002,480,404
2025-02-01,P003,509,482
2025-02-01,P004,543,555
2025-02-01,P005,523,501
2025-02-01,P006,477,414
2025-02-01,P007,505,573
2025-02-01,P008,478,467
2025-02-01,P009,447,572
2025-02-01,P010,486,379
2025-02-01,P011,533,540
2025-02-01,P012,518,533
2025-02-01,P013,519,292
2025-02-01,P014,524,525
2025-02-01,P015,539,502
2025-02-01,P016,488,604
2025-02-01,P017,495,473
2025-02-01,P018,495,524
2025-02-01,P019,478,408
2025-02-01,P020,562,652
2025-02-02,P001,478,407
2025-02-02,P002,423,309
2025-02-02,P003,536,517
2025-02-02,P004,475,395
2025-02-02,P005,523,566
2025-02-02,P006,544,540
2025-02-02,P007,537,572
2025-02-02,P008,488,489
2025-02-02,P009,488,566
2025-02-02,P010,472,412
2025-02-02,P011,579,620
2025-02-02,P012,603,758
2025-02-02,P013,460,483
2025-02-02,P014,580,625
2025-02-02,P015,566,578
2025-02-02,P016,525,527
2025-02-02,P017,490,436
2025-02-02,P018,531,581
2025-02-02,P019,512,584
2025-02-02,P020,499,503
2025-02-03,P001,546,570
2025-02-03,P002,449,588
2025-02-03,P003,493,357
2025-02-03,P004,507,449
2025-02-03,P005,587,410
2025-02-03,P006,506,628
2025-02-03,P007,575,610
2025-02-03,P008,471,500
2025-02-03,P009,526,560
2025-02-03,P010,494,495
2025-02-03,P011,581,692
2025-02-03,P012,529,623
2025-02-03,P013,532,431
2025-02-03,P014,528,576
2025-02-03,P015,517,515
2025-02-03,P016,488,449
2025-02-03,P017,611,559
2025-02-03,P018,496,601
2025-02-03,P019,512,607
2025-02-03,P020,542,494
2025-02-04,P001,472,473
2025-02-04,P002,521,444
2025-02-04,P003,561,531
2025-02-04,P004,512,395
2025-02-04,P005,496,478
2025-02-04,P006,516,427
2025-02-04,P007,577,586
2025-02-04,P008,567,645
2025-02-04,P009,493,382
2025-02-04,P010,463,573
2025-02-04,P011,510,457
2025-02-04,P012,549,646
2025-02-04,P013,501,487
2025-02-04,P014,539,592
2025-02-04,P015,487,440
2025-02-04,P016,575,527
2025-02-04,P017,577,630
2025-02-04,P018,533,570
2025-02-04,P019,550,513
2025-02-04,P020,549,458
2025-02-05,P001,516,655
2025-02-05,P002,517,595
2025-02-05,P003,579,451
2025-02-05,P004,598,661
2025-02-05,P005,553,601
2025-02-05,P006,602,587
2025-02-05,P007,559,645
2025-02-05,P008,551,624
2025-02-05,P009,466,390
2025-02-05,P010,563,599
2025-02-05,P011,551,536
2025-02-05,P012,550,392
2025-02-05,P013,590,610
2025-02-05,P014,608,582
2025-02-05,P015,547,571
2025-02-05,P016,554,701
2025-02-05,P017,510,524
2025-02-05,P018,496,514
2025-02-05,P019,612,595
2025-02-05,P020,644,606
2025-02-06,P001,601,569
2025-02-06,P002,470,436
2025-02-06,P003,553,438
2025-02-06,P004,582,629
2025-02-06,P005,564,523
2025-02-06,P006,589,488
2025-02-06,P007,601,598
2025-02-06,P008,530,508
2025-02-06,P009,543,550
2025-02-06,P010,544,428
2025-02-06,P011,509,525
2025-02-06,P012,522,527
2025-02-06,P013,567,582
2025-02-06,P014,524,458
2025-02-06,P015,501,565
2025-02-06,P016,605,513
2025-02-06,P017,490,472
2025-02-06,P018,517,539
2025-02-06,P019,481,358
2025-02-06,P020,519,560
2025-02-07,P001,535,465
2025-02-07,P002,577,565
2025-02-07,P003,508,647
2025-02-07,P004,581,691
2025-02-07,P005,584,612
2025-02-07,P006,516,561
2025-02-07,P007,574,628
2025-02-07,P008,547,665
2025-02-07,P009,496,349
2025-02-07,P010,610,605
2025-02-07,P011,614,692
2025-02-07,P012,590,529
2025-02-07,P013,518,597
2025-02-07,P014,537,518
2025-02-07,P015,521,489
2025-02-07,P016,546,657
2025-02-07,P017,542,620
2025-02-07,P018,557,476
2025-02-07,P019,468,536
2025-02-07,P020,580,656
2025-02-08,P001,534,683
2025-02-08,P002,523,364
2025-02-08,P003,563,471
2025-02-08,P004,585,475
2025-02-08,P005,482,496
2025-02-08,P006,508,746
2025-02-08,P007,599,567
2025-02-08,P008,532,659
2025-02-08,P009,598,564
2025-02-08,P010,529,505
2025-02-08,P011,584,561
2025-02-08,P012,514,547
2025-02-08,P013,468,357
2025-02-08,P014,542,496
2025-02-08,P015,572,658
2025-02-08,P016,579,663
2025-02-08,P017,584,502
2025-02-08,P018,524,530
2025-02-08,P019,501,463
2025-02-08,P020,570,467
2025-02-09,P001,496,658
2025-02-09,P002,523,599
2025-02-09,P003,558,587
2025-02-09,P004,563,594
2025-02-09,P005,501,527
2025-02-09,P006,570,546
2025-02-09,P007,498,494
2025-02-09,P008,519,523
2025-02-09,P009,542,557
2025-02-09,P010,491,446
2025-02-09,P011,599,548
2025-02-09,P012,540,444
2025-02-09,P013,553,656
2025-02-09,P014,589,666
2025-02-09,P015,615,556
2025-02-09,P016,605,611
2025-02-09,P017,583,491
2025-02-09,P018,526,530
2025-02-09,P019,571,483
2025-02-09,P020,490,461
2025-02-10,P001,593,720
2025-02-10,P002,480,500
2025-02-10,P003,525,556
2025-02-10,P004,520,421
2025-02-10,P005,563,479
2025-02-10,P006,540,559
2025-02-10,P007,541,716
2025-02-10,P008,593,635
2025-02-10,P009,576,613
2025-02-10,P010,545,435
2025-02-10,P011,624,548
2025-02-10,P012,541,655
2025-02-10,P013,562,589
2025-02-10,P014,529,403
2025-02-10,P015,554,516
2025-02-10,P016,535,586
2025-02-10,P017,586,504
2025-02-10,P018,550,530
2025-02-10,P019,500,549
2025-02-10,P020,579,685
2025-02-11,P001,480,557
2025-02-11,P002,543,569
2025-02-11,P003,551,485
2025-02-11,P004,481,603
2025-02-11,P005,496,378
2025-02-11,P006,570,581
2025-02-11,P007,553,709
2025-02-11,P008,575,534
2025-02-11,P009,603,692
2025-02-11,P010,569,655
2025-02-11,P011,558,603
2025-02-11,P012,566,495
2025-02-11,P013,576,617
2025-02-11,P014,607,713
2025-02-11,P015,516,313
2025-02-11,P016,552,528
2025-02-11,P017,560,420
2025-02-11,P018,467,556
2025-02-11,P019,541,450
2025-02-11,P020,552,601
2025-02-12,P001,533,553
2025-02-12,P002,514,579
2025-02-12,P003,470,497
2025-02-12,P004,523,547
2025-02-12,P005,546,531
2025-02-12,P006,504,380
2025-02-12,P007,501,364
2025-02-12,P008,497,459
2025-02-12,P009,458,396
2025-02-12,P010,580,476
2025-02-12,P011,526,596
2025-02-12,P012,444,413
2025-02-12,P013,538,509
2025-02-12,P014,583,607
2025-02-12,P015,515,447
2025-02-12,P016,522,520
2025-02-12,P017,580,719
2025-02-12,P018,513,487
2025-02-12,P019,558,655
2025-02-12,P020,542,552
2025-02-13,P001,533,632
2025-02-13,P002,468,463
2025-02-13,P003,488,448
2025-02-13,P004,495,522
2025-02-13,P005,462,391
2025-02-13,P006,483,559
2025-02-13,P007,553,620
2025-02-13,P008,585,569
2025-02-13,P009,541,516
2025-02-13,P010,543,602
2025-02-13,P011,476,486
2025-02-13,P012,464,330
2025-02-13,P013,557,495
2025-02-13,P014,486,415
2025-02-13,P015,567,578
2025-02-13,P016,512,557
2025-02-13,P017,546,615
2025-02-13,P018,507,628
2025-02-13,P019,465,555
2025-02-13,P020,492,552
2025-02-14,P001,537,422
2025-02-14,P002,498,563
2025-02-14,P003,489,506
2025-02-14,P004,571,609
2025-02-14,P005,483,505
2025-02-14,P006,532,417
2025-02-14,P007,479,444
2025-02-14,P008,527,652
2025-02-14,P009,554,650
2025-02-14,P010,487,623
2025-02-14,P011,570,549
2025-02-14,P012,527,578
2025-02-14,P013,573,519
2025-02-14,P014,449,519
2025-02-14,P015,473,499
2025-02-14,P016,532,534
2025-02-14,P017,420,338
2025-02-14,P018,473,548
2025-02-14,P019,545,641
2025-02-14,P020,533,595
2025-02-15,P001,452,502
2025-02-15,P002,528,438
2025-02-15,P003,434,524
2025-02-15,P004,453,364
2025-02-15,P005,568,586
2025-02-15,P006,535,672
2025-02-15,P007,466,321
2025-02-15,P008,537,646
2025-02-15,P009,473,624
2025-02-15,P010,485,502
2025-02-15,P011,569,552
2025-02-15,P012,472,420
2025-02-15,P013,461,531
2025-02-15,P014,506,627
2025-02-15,P015,478,352
2025-02-15,P016,537,567
2025-02-15,P017,481,482
2025-02-15,P018,550,512
2025-02-15,P019,511,471
2025-02-15,P020,402,435
2025-02-16,P001,470,480
2025-02-16,P002,421,487
2025-02-16,P003,566,496
2025-02-16,P004,423,370
2025-02-16,P005,487,364
2025-02-16,P006,477,564
2025-02-16,P007,443,525
2025-02-16,P008,458,565
2025-02-16,P009,393,520
2025-02-16,P010,468,439
2025-02-16,P011,455,418
2025-02-16,P012,554,558
2025-02-16,P013,435,412
2025-02-16,P014,488,437
2025-02-16,P015,578,486
2025-02-16,P016,507,428
2025-02-16,P017,501,576
2025-02-16,P018,495,484
2025-02-16,P019,459,459
2025-02-16,P020,521,647
2025-02-17,P001,410,391
2025-02-17,P002,421,414
2025-02-17,P003,513,443
2025-02-17,P004,452,554
2025-02-17,P005,509,514
2025-02-17,P006,542,515
2025-02-17,P007,480,376
2025-02-17,P008,436,481
2025-02-17,P009,558,677
2025-02-17,P010,510,471
2025-02-17,P011,433,516
2025-02-17,P012,405,537
2025-02-17,P013,470,457
2025-02-17,P014,462,459
2025-02-17,P015,482,558
2025-02-17,P016,493,335
2025-02-17,P017,500,407
2025-02-17,P018,435,410
2025-02-17,P019,477,361
2025-02-17,P020,475,543
2025-02-18,P001,397,387
2025-02-18,P002,500,641
2025-02-18,P003,442,449
2025-02-18,P004,428,497
2025-02-18,P005,473,498
2025-02-18,P006,442,538
2025-02-18,P007,441,339
2025-02-18,P008,418,330
2025-02-18,P009,449,460
2025-02-18,P010,464,373
2025-02-18,P011,484,479
2025-02-18,P012,516,478
2025-02-18,P013,488,669
2025-02-18,P014,472,481
2025-02-18,P015,415,405
2025-02-18,P016,416,418
2025-02-18,P017,440,306
2025-02-18,P018,504,516
2025-02-18,P019,502,538
2025-02-18,P020,486,590
2025-02-19,P001,534,588
2025-02-19,P002,508,503
2025-02-19,P003,462,433
2025-02-19,P004,495,473
2025-02-19,P005,458,378
2025-02-19,P006,463,444
2025-02-19,P007,446,402
2025-02-19,P008,431,361
2025-02-19,P009,494,360
2025-02-19,P010,560,644
2025-02-19,P011,478,486
2025-02-19,P012,432,444
2025-02-19,P013,516,445
2025-02-19,P014,491,434
2025-02-19,P015,410,503
2025-02-19,P016,438,338
2025-02-19,P017,404,386
2025-02-19,P018,496,426
2025-02-19,P019,533,429
2025-02-19,P020,476,415
2025-02-20,P001,484,359
2025-02-20,P002,462,582
2025-02-20,P003,407,404
2025-02-20,P004,497,518
2025-02-20,P005,486,327
2025-02-20,P006,403,382
2025-02-20,P007,387,454
2025-02-20,P008,385,481
2025-02-20,P009,531,585
2025-02-20,P010,525,612
2025-02-20,P011,487,509
2025-02-20,P012,420,299
2025-02-20,P013,421,502
2025-02-20,P014,395,432
2025-02-20,P015,462,408
2025-02-20,P016,494,371
2025-02-20,P017,488,432
2025-02-20,P018,495,587
2025-02-20,P019,473,431
2025-02-20,P020,449,518
2025-02-21,P001,428,445
2025-02-21,P002,383,304
2025-02-21,P003,459,366
2025-02-21,P004,412,277
2025-02-21,P005,437,255
2025-02-21,P006,521,425
2025-02-21,P007,373,293
2025-02-21,P008,529,534
2025-02-21,P009,402,522
2025-02-21,P010,422,494
2025-02-21,P011,445,459
2025-02-21,P012,431,542
2025-02-21,P013,394,388
2025-02-21,P014,405,398
2025-02-21,P015,441,537
2025-02-21,P016,461,486
2025-02-21,P017,519,534
2025-02-21,P018,449,441
2025-02-21,P019,424,415
2025-02-21,P020,494,454
2025-02-22,P001,457,403
2025-02-22,P002,503,470
2025-02-22,P003,366,347
2025-02-22,P004,429,493
2025-02-22,P005,450,452
2025-02-22,P006,354,215
2025-02-22,P007,473,514
2025-02-22,P008,485,477
2025-02-22,P009,467,343
2025-02-22,P010,430,440
2025-02-22,P011,441,430
2025-02-22,P012,399,354
2025-02-22,P013,421,362
2025-02-22,P014,426,426
2025-02-22,P015,444,458
2025-02-22,P016,506,399
2025-02-22,P017,509,377
2025-02-22,P018,420,429
2025-02-22,P019,459,551
2025-02-22,P020,488,598
2025-02-23,P001,468,476
2025-02-23,P002,499,539
2025-02-23,P003,409,448
2025-02-23,P004,516,473
2025-02-23,P005,456,384
2025-02-23,P006,490,385
2025-02-23,P007,471,496
2025-02-23,P008,449,444
2025-02-23,P009,472,568
2025-02-23,P010,461,483
2025-02-23,P011,438,478
2025-02-23,P012,447,247
2025-02-23,P013,480,589
2025-02-23,P014,419,325
2025-02-23,P015,514,505
2025-02-23,P016,475,375
2025-02-23,P017,399,495
2025-02-23,P018,403,353
2025-02-23,P019,428,482
2025-02-23,P020,490,607
2025-02-24,P001,456,308
2025-02-24,P002,423,432
2025-02-24,P003,383,373
2025-02-24,P004,469,365
2025-02-24,P005,418,414
2025-02-24,P006,495,498
2025-02-24,P007,425,450
2025-02-24,P008,431,446
2025-02-24,P009,387,428
2025-02-24,P010,494,347
2025-02-24,P011,447,452
2025-02-24,P012,488,384
2025-02-24,P013,387,493
2025-02-24,P014,443,537
2025-02-24,P015,507,429
2025-02-24,P016,532,612
2025-02-24,P017,356,318
2025-02-24,P018,432,402
2025-02-24,P019,456,393
2025-02-24,P020,426,512
2025-02-25,P001,447,527
2025-02-25,P002,464,407
2025-02-25,P003,494,589
2025-02-25,P004,471,542
2025-02-25,P005,462,565
2025-02-25,P006,460,521
2025-02-25,P007,485,523
2025-02-25,P008,398,440
2025-02-25,P009,477,455
2025-02-25,P010,498,535
2025-02-25,P011,481,424
2025-02-25,P012,438,508
2025-02-25,P013,489,397
2025-02-25,P014,406,463
2025-02-25,P015,496,429
2025-02-25,P016,467,458
2025-02-25,P017,393,395
2025-02-25,P018,393,406
2025-02-25,P019,529,524
2025-02-25,P020,416,412
2025-02-26,P001,505,365
2025-02-26,P002,448,504
2025-02-26,P003,488,426
2025-02-26,P004,511,319
2025-02-26,P005,455,330
2025-02-26,P006,417,488
2025-02-26,P007,422,499
2025-02-26,P008,534,650
2025-02-26,P009,489,481
2025-02-26,P010,433,443
2025-02-26,P011,510,469
2025-02-26,P012,386,382
2025-02-26,P013,417,235
2025-02-26,P014,497,667
2025-02-26,P015,538,504
2025-02-26,P016,493,438
2025-02-26,P017,546,482
2025-02-26,P018,537,748
2025-02-26,P019,461,505
2025-02-26,P020,489,545
2025-02-27,P001,539,453
2025-02-27,P002,402,338
2025-02-27,P003,525,586
2025-02-27,P004,451,385
2025-02-27,P005,533,609
2025-02-27,P006,494,539
2025-02-27,P007,527,578
2025-02-27,P008,463,314
2025-02-27,P009,453,419
2025-02-27,P010,533,601
2025-02-27,P011,437,446
2025-02-27,P012,444,354
2025-02-27,P013,426,456
2025-02-27,P014,474,470
2025-02-27,P015,382,472
2025-02-27,P016,482,386
2025-02-27,P017,370,384
2025-02-27,P018,462,566
2025-02-27,P019,487,368
2025-02-27,P020,443,435
2025-02-28,P001,478,482
2025-02-28,P002,528,547
2025-02-28,P003,483,614
2025-02-28,P004,409,469
2025-02-28,P005,524,460
2025-02-28,P006,419,446
2025-02-28,P007,439,384
2025-02-28,P008,523,457
2025-02-28,P009,523,525
2025-02-28,P010,456,559
2025-02-28,P011,496,433
2025-02-28,P012,479,647
2025-02-28,P013,434,453
2025-02-28,P014,440,542
2025-02-28,P015,492,366
2025-02-28,P016,525,550
2025-02-28,P017,462,522
2025-02-28,P018,501,701
2025-02-28,P019,419,445
2025-02-28,P020,473,285
2025-03-01,P001,518,461
2025-03-01,P002,518,499
2025-03-01,P003,516,490
2025-03-01,P004,479,565
2025-03-01,P005,581,712
2025-03-01,P006,440,490
2025-03-01,P007,450,375
2025-03-01,P008,449,534
2025-03-01,P009,529,743
2025-03-01,P010,511,516
2025-03-01,P011,513,669
2025-03-01,P012,509,498
2025-03-01,P013,470,325
2025-03-01,P014,428,466
2025-03-01,P015,524,390
2025-03-01,P016,486,569
2025-03-01,P017,432,419
2025-03-01,P018,440,390
2025-03-01,P019,543,515
2025-03-01,P020,480,460
2025-03-02,P001,499,428
2025-03-02,P002,485,277
2025-03-02,P003,555,533
2025-03-02,P004,452,425
2025-03-02,P005,416,568
2025-03-02,P006,549,543
2025-03-02,P007,435,328
2025-03-02,P008,524,523
2025-03-02,P009,516,684
2025-03-02,P010,519,630
2025-03-02,P011,469,531
2025-03-02,P012,464,420
2025-03-02,P013,465,598
2025-03-02,P014,570,579
2025-03-02,P015,464,535
2025-03-02,P016,451,364
2025-03-02,P017,407,453
2025-03-02,P018,480,523
2025-03-02,P019,500,514
2025-03-02,P020,483,554
2025-03-03,P001,506,470
2025-03-03,P002,443,442
2025-03-03,P003,506,464
2025-03-03,P004,426,466
2025-03-03,P005,562,403
2025-03-03,P006,498,558
2025-03-03,P007,473,470
2025-03-03,P008,444,400
2025-03-03,P009,476,570
2025-03-03,P010,495,399
2025-03-03,P011,490,546
2025-03-03,P012,488,551
2025-03-03,P013,479,492
2025-03-03,P014,504,500
2025-03-03,P015,522,503
2025-03-03,P016,574,506
2025-03-03,P017,531,508
2025-03-03,P018,426,360
2025-03-03,P019,511,638
2025-03-03,P020,536,600
2025-03-04,P001,499,422
2025-03-04,P002,461,445
2025-03-04,P003,491,497
2025-03-04,P004,427,305
2025-03-04,P005,453,419
2025-03-04,P006,493,568
2025-03-04,P007,546,472
2025-03-04,P008,492,400
2025-03-04,P009,492,537
2025-03-04,P010,483,426
2025-03-04,P011,569,545
2025-03-04,P012,558,529
2025-03-04,P013,525,629
2025-03-04,P014,502,484
2025-03-04,P015,481,466
2025-03-04,P016,608,620
2025-03-04,P017,533,523
2025-03-04,P018,520,537
2025-03-04,P019,408,395
2025-03-04,P020,448,398
2025-03-05,P001,542,536
2025-03-05,P002,550,569
2025-03-05,P003,558,455
2025-03-05,P004,519,588
2025-03-05,P005,530,518
2025-03-05,P006,556,530
2025-03-05,P007,614,638
2025-03-05,P008,528,440
2025-03-05,P009,540,517
2025-03-05,P010,510,517
2025-03-05,P011,518,567
2025-03-05,P012,557,688
2025-03-05,P013,543,481
2025-03-05,P014,566,563
2025-03-05,P015,616,564
2025-03-05,P016,531,537
2025-03-05,P017,556,524
2025-03-05,P018,495,437
2025-03-05,P019,515,514
2025-03-05,P020,455,479
2025-03-06,P001,510,424
2025-03-06,P002,511,515
2025-03-06,P003,590,644
2025-03-06,P004,523,512
2025-03-06,P005,558,629
2025-03-06,P006,588,589
2025-03-06,P007,603,608
2025-03-06,P008,529,478
2025-03-06,P009,574,618
2025-03-06,P010,581,649
2025-03-06,P011,547,410
2025-03-06,P012,549,554
2025-03-06,P013,544,607
2025-03-06,P014,578,429
2025-03-06,P015,638,612
2025-03-06,P016,559,560
2025-03-06,P017,575,600
2025-03-06,P018,523,378
2025-03-06,P019,459,659
2025-03-06,P020,471,467
2025-03-07,P001,551,425
2025-03-07,P002,582,690
2025-03-07,P003,524,517
2025-03-07,P004,586,706
2025-03-07,P005,556,558
2025-03-07,P006,528,404
2025-03-07,P007,571,576
2025-03-07,P008,603,640
2025-03-07,P009,559,492
2025-03-07,P010,455,568
2025-03-07,P011,562,622
2025-03-07,P012,492,468
2025-03-07,P013,504,537
2025-03-07,P014,508,459
2025-03-07,P015,562,585
2025-03-07,P016,559,562
2025-03-07,P017,611,574
2025-03-07,P018,522,536
2025-03-07,P019,557,419
2025-03-07,P020,577,517
2025-03-08,P001,493,435
2025-03-08,P002,604,538
2025-03-08,P003,537,445
2025-03-08,P004,613,615
2025-03-08,P005,547,476
2025-03-08,P006,547,655
2025-03-08,P007,540,452
2025-03-08,P008,469,508
2025-03-08,P009,565,477
2025-03-08,P010,526,512
2025-03-08,P011,540,631
2025-03-08,P012,601,800
2025-03-08,P013,493,503
2025-03-08,P014,511,374
2025-03-08,P015,566,562
2025-03-08,P016,535,499
2025-03-08,P017,536,691
2025-03-08,P018,542,387
2025-03-08,P019,570,618
2025-03-08,P020,607,583
2025-03-09,P001,565,629
2025-03-09,P002,589,539
2025-03-09,P003,545,461
2025-03-09,P004,570,497
2025-03-09,P005,555,457
2025-03-09,P006,627,696
2025-03-09,P007,603,682
2025-03-09,P008,515,394
2025-03-09,P009,559,596
2025-03-09,P010,547,303
2025-03-09,P011,501,617
2025-03-09,P012,597,582
2025-03-09,P013,522,382
2025-03-09,P014,563,478
2025-03-09,P015,562,622
2025-03-09,P016,496,560
2025-03-09,P017,576,597
2025-03-09,P018,517,536
2025-03-09,P019,615,598
2025-03-09,P020,584,626
2025-03-10,P001,607,593
2025-03-10,P002,515,477
2025-03-10,P003,589,677
2025-03-10,P004,566,564
2025-03-10,P005,494,435
2025-03-10,P006,571,409
2025-03-10,P007,588,597
2025-03-10,P008,588,732
2025-03-10,P009,517,583
2025-03-10,P010,554,627
2025-03-10,P011,545,550
2025-03-10,P012,573,487
2025-03-10,P013,568,627
2025-03-10,P014,498,609
2025-03-10,P015,626,694
2025-03-10,P016,532,565
2025-03-10,P017,548,604
2025-03-10,P018,550,628
2025-03-10,P019,572,460
2025-03-10,P020,638,722
2025-03-11,P001,520,477
2025-03-11,P002,551,498
2025-03-11,P003,580,532
2025-03-11,P004,577,540
2025-03-11,P005,555,573
2025-03-11,P006,578,574
2025-03-11,P007,532,587
2025-03-11,P008,511,532
2025-03-11,P009,522,476
2025-03-11,P010,517,494
2025-03-11,P011,538,565
2025-03-11,P012,500,428
2025-03-11,P013,531,638
2025-03-11,P014,532,431
2025-03-11,P015,548,527
2025-03-11,P016,582,482
2025-03-11,P017,558,472
2025-03-11,P018,459,516
2025-03-11,P019,554,536
2025-03-11,P020,497,602
2025-03-12,P001,575,630
2025-03-12,P002,583,576
2025-03-12,P003,474,438
2025-03-12,P004,549,468
2025-03-12,P005,531,517
2025-03-12,P006,487,502
2025-03-12,P007,555,693
2025-03-12,P008,562,495
2025-03-12,P009,534,493
2025-03-12,P010,612,597
2025-03-12,P011,524,491
2025-03-12,P012,543,523
2025-03-12,P013,521,622
2025-03-12,P014,579,649
2025-03-12,P015,552,565
2025-03-12,P016,503,506
2025-03-12,P017,496,573
2025-03-12,P018,521,550
2025-03-12,P019,579,605
2025-03-12,P020,508,491
2025-03-13,P001,488,387
2025-03-13,P002,583,584
2025-03-13,P003,551,642
2025-03-13,P004,574,346
2025-03-13,P005,540,591
2025-03-13,P006,522,416
2025-03-13,P007,599,544
2025-03-13,P008,471,237
2025-03-13,P009,537,758
2025-03-13,P010,552,504
2025-03-13,P011,508,378
2025-03-13,P012,519,500
2025-03-13,P013,489,403
2025-03-13,P014,481,490
2025-03-13,P015,528,482
2025-03-13,P016,521,483
2025-03-13,P017,521,422
2025-03-13,P018,584,660
2025-03-13,P019,606,661
2025-03-13,P020,560,648
2025-03-14,P001,549,620
2025-03-14,P002,566,656
2025-03-14,P003,516,509
2025-03-14,P004,495,514
2025-03-14,P005,524,558
2025-03-14,P006,542,501
2025-03-14,P007,515,568
2025-03-14,P008,532,578
2025-03-14,P009,497,536
2025-03-14,P010,477,520
2025-03-14,P011,511,702
2025-03-14,P012,569,663
2025-03-14,P013,472,481
2025-03-14,P014,543,498
2025-03-14,P015,503,437
2025-03-14,P016,527,556
2025-03-14,P017,492,463
2025-03-14,P018,510,545
2025-03-14,P019,491,514
2025-03-14,P020,615,542
2025-03-15,P001,526,607
2025-03-15,P002,549,592
2025-03-15,P003,582,571
2025-03-15,P004,543,549
2025-03-15,P005,521,467
2025-03-15,P006,509,566
2025-03-15,P007,495,515
2025-03-15,P008,519,600
2025-03-15,P009,486,424
2025-03-15,P010,544,555
2025-03-15,P011,530,636
2025-03-15,P012,511,541
2025-03-15,P013,503,557
2025-03-15,P014,544,555
2025-03-15,P015,564,594
2025-03-15,P016,494,497
2025-03-15,P017,548,543
2025-03-15,P018,474,463
2025-03-15,P019,488,376
2025-03-15,P020,461,404
2025-03-16,P001,518,513
2025-03-16,P002,469,442
2025-03-16,P003,468,390
2025-03-16,P004,531,575
2025-03-16,P005,501,374
2025-03-16,P006,482,491
2025-03-16,P007,506,504
2025-03-16,P008,500,569
2025-03-16,P009,513,492
2025-03-16,P010,577,507
2025-03-16,P011,462,601
2025-03-16,P012,535,608
2025-03-16,P013,425,536
2025-03-16,P014,532,609
2025-03-16,P015,455,478
2025-03-16,P016,542,573
2025-03-16,P017,454,548
2025-03-16,P018,427,614
2025-03-16,P019,471,416
2025-03-16,P020,582,615
2025-03-17,P001,543,558
2025-03-17,P002,489,486
2025-03-17,P003,517,520
2025-03-17,P004,541,641
2025-03-17,P005,459,351
2025-03-17,P006,465,499
2025-03-17,P007,542,638
2025-03-17,P008,601,649
2025-03-17,P009,508,446
2025-03-17,P010,512,640
2025-03-17,P011,530,529
2025-03-17,P012,500,447
2025-03-17,P013,579,547
2025-03-17,P014,529,447
2025-03-17,P015,469,404
2025-03-17,P016,451,429
2025-03-17,P017,423,489
2025-03-17,P018,548,560
2025-03-17,P019,523,375
2025-03-17,P020,484,375
2025-03-18,P001,480,384
2025-03-18,P002,484,459
2025-03-18,P003,511,432
2025-03-18,P004,417,320
2025-03-18,P005,548,703
2025-03-18,P006,455,242
2025-03-18,P007,536,593
2025-03-18,P008,586,563
2025-03-18,P009,484,595
2025-03-18,P010,564,691
2025-03-18,P011,540,459
2025-03-18,P012,409,240
2025-03-18,P013,473,386
2025-03-18,P014,538,620
2025-03-18,P015,424,427
2025-03-18,P016,441,427
2025-03-18,P017,517,603
2025-03-18,P018,579,604
2025-03-18,P019,473,494
2025-03-18,P020,423,315
2025-03-19,P001,492,481
2025-03-19,P002,520,458
2025-03-19,P003,438,321
2025-03-19,P004,470,413
2025-03-19,P005,398,421
2025-03-19,P006,488,544
2025-03-19,P007,523,503
2025-03-19,P008,496,578
2025-03-19,P009,531,449
2025-03-19,P010,447,394
2025-03-19,P011,445,486
2025-03-19,P012,461,555
2025-03-19,P013,502,630
2025-03-19,P014,530,607
2025-03-19,P015,479,562
2025-03-19,P016,547,655
2025-03-19,P017,460,438
2025-03-19,P018,462,558
2025-03-19,P019,516,581
2025-03-19,P020,508,499
2025-03-20,P001,495,468
2025-03-20,P002,503,562
2025-03-20,P003,487,462
2025-03-20,P004,400,483
2025-03-20,P005,508,532
2025-03-20,P006,510,510
2025-03-20,P007,484,532
2025-03-20,P008,533,408
2025-03-20,P009,441,302
2025-03-20,P010,516,533
2025-03-20,P011,450,304
2025-03-20,P012,534,477
2025-03-20,P013,509,406
2025-03-20,P014,432,365
2025-03-20,P015,454,392
2025-03-20,P016,540,545
2025-03-20,P017,460,462
2025-03-20,P018,464,528
2025-03-20,P019,478,474
2025-03-20,P020,500,387
2025-03-21,P001,486,427
2025-03-21,P002,398,265
2025-03-21,P003,468,446
2025-03-21,P004,465,463
2025-03-21,P005,489,462
2025-03-21,P006,493,504
2025-03-21,P007,428,466
2025-03-21,P008,449,507
2025-03-21,P009,456,438
2025-03-21,P010,504,451
2025-03-21,P011,513,455
2025-03-21,P012,486,485
2025-03-21,P013,411,495
2025-03-21,P014,395,492
2025-03-21,P015,475,392
2025-03-21,P016,441,370
2025-03-21,P017,542,423
2025-03-21,P018,420,552
2025-03-21,P019,516,614
2025-03-21,P020,461,398
2025-03-22,P001,443,496
2025-03-22,P002,462,446
2025-03-22,P003,494,339
2025-03-22,P004,488,428
2025-03-22,P005,440,512
2025-03-22,P006,458,580
2025-03-22,P007,458,448
2025-03-22,P008,463,535
2025-03-22,P009,492,552
2025-03-22,P010,549,503
2025-03-22,P011,534,547
2025-03-22,P012,423,389
2025-03-22,P013,439,458
2025-03-22,P014,471,317
2025-03-22,P015,495,478
2025-03-22,P016,449,403
2025-03-22,P017,386,564
2025-03-22,P018,381,310
2025-03-22,P019,445,400
2025-03-22,P020,488,509
2025-03-23,P001,475,367
2025-03-23,P002,390,365
2025-03-23,P003,400,434
2025-03-23,P004,468,601
2025-03-23,P005,497,600
2025-03-23,P006,413,375
2025-03-23,P007,470,625
2025-03-23,P008,459,561
2025-03-23,P009,507,734
2025-03-23,P010,415,545
2025-03-23,P011,454,424
2025-03-23,P012,419,523
2025-03-23,P013,464,339
2025-03-23,P014,450,566
2025-03-23,P015,418,447
2025-03-23,P016,416,450
2025-03-23,P017,403,368
2025-03-23,P018,486,459
2025-03-23,P019,415,439
2025-03-23,P020,445,484
2025-03-24,P001,477,398
2025-03-24,P002,412,375
2025-03-24,P003,470,556
2025-03-24,P004,417,433
2025-03-24,P005,445,543
2025-03-24,P006,427,412
2025-03-24,P007,494,466
2025-03-24,P008,420,481
2025-03-24,P009,390,469
2025-03-24,P010,493,421
2025-03-24,P011,383,223
2025-03-24,P012,510,512
2025-03-24,P013,469,570
2025-03-24,P014,378,393
2025-03-24,P015,430,426
2025-03-24,P016,369,378
2025-03-24,P017,491,297
2025-03-24,P018,421,317
2025-03-24,P019,464,376
2025-03-24,P020,397,391
2025-03-25,P001,472,507
2025-03-25,P002,456,457
2025-03-25,P003,361,288
2025-03-25,P004,485,619
2025-03-25,P005,447,415
2025-03-25,P006,418,335
2025-03-25,P007,445,338
2025-03-25,P008,486,311
2025-03-25,P009,405,492
2025-03-25,P010,446,327
2025-03-25,P011,368,322
2025-03-25,P012,458,511
2025-03-25,P013,395,355
2025-03-25,P014,504,375
2025-03-25,P015,483,478
2025-03-25,P016,469,362
2025-03-25,P017,468,463
2025-03-25,P018,429,527
2025-03-25,P019,465,384
2025-03-25,P020,441,437
2025-03-26,P001,406,434
2025-03-26,P002,496,574
2025-03-26,P003,488,551
2025-03-26,P004,370,350
2025-03-26,P005,447,509
2025-03-26,P006,488,580
2025-03-26,P007,520,681
2025-03-26,P008,432,482
2025-03-26,P009,478,379
2025-03-26,P010,420,423
2025-03-26,P011,390,326
2025-03-26,P012,510,594
2025-03-26,P013,356,302
2025-03-26,P014,440,500
2025-03-26,P015,483,577
2025-03-26,P016,480,562
2025-03-26,P017,444,411
2025-03-26,P018,518,599
2025-03-26,P019,398,494
2025-03-26,P020,477,297
2025-03-27,P001,469,482
2025-03-27,P002,537,426
2025-03-27,P003,455,357
2025-03-27,P004,480,471
2025-03-27,P005,482,533
2025-03-27,P006,477,497
2025-03-27,P007,412,357
2025-03-27,P008,489,586
2025-03-27,P009,399,459
2025-03-27,P010,404,354
2025-03-27,P011,494,520
2025-03-27,P012,526,655
2025-03-27,P013,424,339
2025-03-27,P014,427,398
2025-03-27,P015,480,439
2025-03-27,P016,477,535
2025-03-27,P017,391,313
2025-03-27,P018,554,586
2025-03-27,P019,497,581
2025-03-27,P020,421,418
2025-03-28,P001,403,353
2025-03-28,P002,452,511
2025-03-28,P003,509,474
2025-03-28,P004,501,508
2025-03-28,P005,426,372
2025-03-28,P006,465,480
2025-03-28,P007,492,412
2025-03-28,P008,497,311
2025-03-28,P009,427,557
2025-03-28,P010,409,399
2025-03-28,P011,490,387
2025-03-28,P012,387,457
2025-03-28,P013,463,443
2025-03-28,P014,515,500
2025-03-28,P015,447,468
2025-03-28,P016,452,421
2025-03-28,P017,412,408
2025-03-28,P018,492,430
2025-03-28,P019,502,555
2025-03-28,P020,434,528
2025-03-29,P001,573,574
2025-03-29,P002,454,533
2025-03-29,P003,495,521
2025-03-29,P004,416,515
2025-03-29,P005,496,264
2025-03-29,P006,476,474
2025-03-29,P007,495,582
2025-03-29,P008,446,402
2025-03-29,P009,407,394
2025-03-29,P010,411,252
2025-03-29,P011,428,491
2025-03-29,P012,500,563
2025-03-29,P013,389,461
2025-03-29,P014,521,448
2025-03-29,P015,408,179
2025-03-29,P016,531,496
2025-03-29,P017,455,433
2025-03-29,P018,448,463
2025-03-29,P019,556,678
2025-03-29,P020,570,385
2025-03-30,P001,493,553
2025-03-30,P002,388,232
2025-03-30,P003,482,516
2025-03-30,P004,396,332
2025-03-30,P005,415,636
2025-03-30,P006,396,271
2025-03-30,P007,508,473
2025-03-30,P008,520,657
2025-03-30,P009,444,418
2025-03-30,P010,445,252
2025-03-30,P011,431,512
2025-03-30,P012,407,391
2025-03-30,P013,461,361
2025-03-30,P014,491,532
2025-03-30,P015,481,450
2025-03-30,P016,418,434
2025-03-30,P017,444,262
2025-03-30,P018,488,471
2025-03-30,P019,454,412
2025-03-30,P020,485,553
2025-03-31,P001,436,389
2025-03-31,P002,527,512
2025-03-31,P003,547,441
2025-03-31,P004,513,477
2025-03-31,P005,491,610
2025-03-31,P006,467,636
2025-03-31,P007,426,529
2025-03-31,P008,494,496
2025-03-31,P009,435,522
2025-03-31,P010,468,523
2025-03-31,P011,455,472
2025-03-31,P012,524,481
2025-03-31,P013,524,432
2025-03-31,P014,492,620
2025-03-31,P015,490,515
2025-03-31,P016,472,420
2025-03-31,P017,503,308
2025-03-31,P018,544,598
2025-03-31,P019,490,636
2025-03-31,P020,497,544
2025-04-01,P001,502,514
2025-04-01,P002,443,551
2025-04-01,P003,517,570
2025-04-01,P004,533,674
2025-04-01,P005,528,556
2025-04-01,P006,510,414
2025-04-01,P007,492,342
2025-04-01,P008,426,459
2025-04-01,P009,514,403
2025-04-01,P010,454,310
2025-04-01,P011,561,461
2025-04-01,P012,531,607
2025-04-01,P013,529,476
2025-04-01,P014,514,458
2025-04-01,P015,490,527
2025-04-01,P016,509,558
2025-04-01,P017,540,537
2025-04-01,P018,471,634
2025-04-01,P019,452,415
2025-04-01,P020,575,583
2025-04-02,P001,576,489
2025-04-02,P002,469,550
2025-04-02,P003,527,509
2025-04-02,P004,463,464
2025-04-02,P005,541,582
2025-04-02,P006,543,515
2025-04-02,P007,472,402
2025-04-02,P008,569,513
2025-04-02,P009,481,519
2025-04-02,P010,460,460
2025-04-02,P011,551,446
2025-04-02,P012,550,570
2025-04-02,P013,479,527
2025-04-02,P014,581,421
2025-04-02,P015,480,412
2025-04-02,P016,480,585
2025-04-02,P017,587,587
2025-04-02,P018,513,389
2025-04-02,P019,528,429
2025-04-02,P020,510,475
2025-04-03,P001,524,566
2025-04-03,P002,607,675
2025-04-03,P003,523,415
2025-04-03,P004,549,531
2025-04-03,P005,519,546
2025-04-03,P006,547,499
2025-04-03,P007,543,534
2025-04-03,P008,472,441
2025-04-03,P009,513,645
2025-04-03,P010,609,658
2025-04-03,P011,460,467
2025-04-03,P012,488,405
2025-04-03,P013,559,593
2025-04-03,P014,556,524
2025-04-03,P015,499,574
2025-04-03,P016,468,370
2025-04-03,P017,599,636
2025-04-03,P018,555,461
2025-04-03,P019,477,362
2025-04-03,P020,473,426
2025-04-04,P001,521,536
2025-04-04,P002,528,615
2025-04-04,P003,583,508
2025-04-04,P004,529,511
2025-04-04,P005,573,648
2025-04-04,P006,601,611
2025-04-04,P007,533,418
2025-04-04,P008,576,581
2025-04-04,P009,537,603
2025-04-04,P010,486,563
2025-04-04,P011,552,372
2025-04-04,P012,519,519
2025-04-04,P013,570,597
2025-04-04,P014,619,739
2025-04-04,P015,566,751
2025-04-04,P016,570,618
2025-04-04,P017,513,582
2025-04-04,P018,446,406
2025-04-04,P019,596,529
2025-04-04,P020,565,703
2025-04-05,P001,568,461
2025-04-05,P002,472,578
2025-04-05,P003,511,449
2025-04-05,P004,619,611
2025-04-05,P005,499,558
2025-04-05,P006,558,565
2025-04-05,P007,522,653
2025-04-05,P008,538,741
2025-04-05,P009,583,535
2025-04-05,P010,573,591
2025-04-05,P011,584,514
2025-04-05,P012,496,581
2025-04-05,P013,523,567
2025-04-05,P014,523,495
2025-04-05,P015,481,557
2025-04-05,P016,539,640
2025-04-05,P017,588,737
2025-04-05,P018,494,496
2025-04-05,P019,549,621
2025-04-05,P020,485,374
2025-04-06,P001,493,599
2025-04-06,P002,465,641
2025-04-06,P003,553,491
2025-04-06,P004,463,393
2025-04-06,P005,562,587
2025-04-06,P006,608,562
2025-04-06,P007,579,566
2025-04-06,P008,465,391
2025-04-06,P009,503,645
2025-04-06,P010,562,589
2025-04-06,P011,597,489
2025-04-06,P012,513,481
2025-04-06,P013,525,602
2025-04-06,P014,521,496
2025-04-06,P015,530,619
2025-04-06,P016,518,548
2025-04-06,P017,458,404
2025-04-06,P018,594,670
2025-04-06,P019,583,464
2025-04-06,P020,479,560
2025-04-07,P001,499,682
2025-04-07,P002,500,649
2025-04-07,P003,505,677
2025-04-07,P004,636,487
2025-04-07,P005,520,448
2025-04-07,P006,578,446
2025-04-07,P007,481,518
2025-04-07,P008,537,600
2025-04-07,P009,563,629
2025-04-07,P010,544,493
2025-04-07,P011,505,586
2025-04-07,P012,531,341
2025-04-07,P013,550,532
2025-04-07,P014,528,452
2025-04-07,P015,507,559
2025-04-07,P016,611,575
2025-04-07,P017,538,402
2025-04-07,P018,547,627
2025-04-07,P019,571,577
2025-04-07,P020,513,464
2025-04-08,P001,510,411
2025-04-08,P002,575,679
2025-04-08,P003,582,620
2025-04-08,P004,576,692
2025-04-08,P005,499,482
2025-04-08,P006,598,570
2025-04-08,P007,585,622
2025-04-08,P008,537,634
2025-04-08,P009,547,507
2025-04-08,P010,528,594
2025-04-08,P011,471,513
2025-04-08,P012,583,588
2025-04-08,P013,554,471
2025-04-08,P014,502,397
2025-04-08,P015,498,510
2025-04-08,P016,622,588
2025-04-08,P017,566,515
2025-04-08,P018,526,593
2025-04-08,P019,543,674
2025-04-08,P020,540,515
2025-04-09,P001,619,516
2025-04-09,P002,566,623
2025-04-09,P003,609,620
2025-04-09,P004,532,528
2025-04-09,P005,548,625
2025-04-09,P006,549,598
2025-04-09,P007,536,427
2025-04-09,P008,639,697
2025-04-09,P009,469,421
2025-04-09,P010,526,368
2025-04-09,P011,565,523
2025-04-09,P012,510,564
2025-04-09,P013,593,618
2025-04-09,P014,593,538
2025-04-09,P015,632,618
2025-04-09,P016,568,655
2025-04-09,P017,550,529
2025-04-09,P018,569,462
2025-04-09,P019,549,441
2025-04-09,P020,512,486
2025-04-10,P001,616,488
2025-04-10,P002,518,464
2025-04-10,P003,515,444
2025-04-10,P004,592,615
2025-04-10,P005,514,515
2025-04-10,P006,552,510
2025-04-10,P007,483,558
2025-04-10,P008,579,455
2025-04-10,P009,506,510
2025-04-10,P010,556,514
2025-04-10,P011,565,669
2025-04-10,P012,573,584
2025-04-10,P013,534,420
2025-04-10,P014,497,363
2025-04-10,P015,584,594
2025-04-10,P016,550,523
2025-04-10,P017,515,591
2025-04-10,P018,523,411
2025-04-10,P019,504,442
2025-04-10,P020,547,510
2025-04-11,P001,536,494
2025-04-11,P002,499,399
2025-04-11,P003,590,559
2025-04-11,P004,627,525
2025-04-11,P005,502,489
2025-04-11,P006,512,484
2025-04-11,P007,534,544
2025-04-11,P008,498,307
2025-04-11,P009,551,511
2025-04-11,P010,497,443
2025-04-11,P011,559,581
2025-04-11,P012,566,409
2025-04-11,P013,554,653
2025-04-11,P014,482,551
2025-04-11,P015,525,628
2025-04-11,P016,620,581
2025-04-11,P017,456,557
2025-04-11,P018,503,542
2025-04-11,P019,599,703
2025-04-11,P020,573,446
2025-04-12,P001,569,704
2025-04-12,P002,486,497
2025-04-12,P003,571,642
2025-04-12,P004,544,404
2025-04-12,P005,510,624
2025-04-12,P006,453,427
2025-04-12,P007,534,479
2025-04-12,P008,566,631
2025-04-12,P009,596,523
2025-04-12,P010,558,414
2025-04-12,P011,552,425
2025-04-12,P012,613,547
2025-04-12,P013,519,440
2025-04-12,P014,555,607
2025-04-12,P015,508,499
2025-04-12,P016,507,595
2025-04-12,P017,507,562
2025-04-12,P018,532,527
2025-04-12,P019,526,515
2025-04-12,P020,569,463
2025-04-13,P001,450,339
2025-04-13,P002,509,526
2025-04-13,P003,530,497
2025-04-13,P004,523,604
2025-04-13,P005,574,570
2025-04-13,P006,562,503
2025-04-13,P007,515,515
2025-04-13,P008,520,376
2025-04-13,P009,456,474
2025-04-13,P010,556,655
2025-04-13,P011,481,423
2025-04-13,P012,464,507
2025-04-13,P013,528,412
2025-04-13,P014,508,424
2025-04-13,P015,472,415
2025-04-13,P016,577,567
2025-04-13,P017,475,434
2025-04-13,P018,546,361
2025-04-13,P019,490,488
2025-04-13,P020,563,423
2025-04-14,P001,570,575
2025-04-14,P002,540,487
2025-04-14,P003,477,412
2025-04-14,P004,607,531
2025-04-14,P005,511,446
2025-04-14,P006,578,628
2025-04-14,P007,502,574
2025-04-14,P008,565,440
2025-04-14,P009,489,509
2025-04-14,P010,588,626
2025-04-14,P011,478,489
2025-04-14,P012,545,538
2025-04-14,P013,536,483
2025-04-14,P014,521,477
2025-04-14,P015,533,432
2025-04-14,P016,526,542
2025-04-14,P017,584,621
2025-04-14,P018,581,524
2025-04-14,P019,561,471
2025-04-14,P020,567,660
2025-04-15,P001,543,523
2025-04-15,P002,524,430
2025-04-15,P003,472,530
2025-04-15,P004,516,535
2025-04-15,P005,478,561
2025-04-15,P006,484,477
2025-04-15,P007,513,625
2025-04-15,P008,485,490
2025-04-15,P009,455,589
2025-04-15,P010,433,362
2025-04-15,P011,484,507
2025-04-15,P012,487,546
2025-04-15,P013,415,278
2025-04-15,P014,446,414
2025-04-15,P015,541,557
2025-04-15,P016,509,469
2025-04-15,P017,432,410
2025-04-15,P018,470,499
2025-04-15,P019,483,555
2025-04-15,P020,559,594
2025-04-16,P001,559,691
2025-04-16,P002,543,541
2025-04-16,P003,543,608
2025-04-16,P004,510,496
2025-04-16,P005,508,508
2025-04-16,P006,499,392
2025-04-16,P007,486,564
2025-04-16,P008,483,392
2025-04-16,P009,477,520
2025-04-16,P010,547,591
2025-04-16,P011,526,450
2025-04-16,P012,478,405
2025-04-16,P013,492,589
2025-04-16,P014,411,465
2025-04-16,P015,457,455
2025-04-16,P016,569,618
2025-04-16,P017,449,441
2025-04-16,P018,442,444
2025-04-16,P019,446,445
2025-04-16,P020,464,360
2025-04-17,P001,479,607
2025-04-17,P002,543,470
2025-04-17,P003,454,364
2025-04-17,P004,521,334
2025-04-17,P005,448,361
2025-04-17,P006,536,588
2025-04-17,P007,546,638
2025-04-17,P008,502,586
2025-04-17,P009,469,377
2025-04-17,P010,471,451
2025-04-17,P011,450,368
2025-04-17,P012,459,447
2025-04-17,P013,426,535
2025-04-17,P014,511,560
2025-04-17,P015,554,600
2025-04-17,P016,522,561
2025-04-17,P017,466,423
2025-04-17,P018,567,593
2025-04-17,P019,405,476
2025-04-17,P020,541,547
2025-04-18,P001,466,404
2025-04-18,P002,467,441
2025-04-18,P003,418,399
2025-04-18,P004,522,425
2025-04-18,P005,531,551
2025-04-18,P006,472,465
2025-04-18,P007,491,404
2025-04-18,P008,521,522
2025-04-18,P009,526,596
2025-04-18,P010,453,491
2025-04-18,P011,464,552
2025-04-18,P012,453,427
2025-04-18,P013,389,241
2025-04-18,P014,443,514
2025-04-18,P015,423,341
2025-04-18,P016,479,350
2025-04-18,P017,447,660
2025-04-18,P018,574,581
2025-04-18,P019,431,435
2025-04-18,P020,387,278
2025-04-19,P001,528,675
2025-04-19,P002,403,293
2025-04-19,P003,484,546
2025-04-19,P004,418,459
2025-04-19,P005,477,455
2025-04-19,P006,523,508
2025-04-19,P007,470,502
2025-04-19,P008,491,456
2025-04-19,P009,531,376
2025-04-19,P010,478,368
2025-04-19,P011,485,323
2025-04-19,P012,388,413
2025-04-19,P013,505,612
2025-04-19,P014,415,530
2025-04-19,P015,394,573
2025-04-19,P016,453,234
2025-04-19,P017,437,527
2025-04-19,P018,471,502
2025-04-19,P019,476,461
2025-04-19,P020,463,388
2025-04-20,P001,449,463
2025-04-20,P002,493,459
2025-04-20,P003,417,368
2025-04-20,P004,395,459
2025-04-20,P005,464,370
2025-04-20,P006,488,459
2025-04-20,P007,500,511
2025-04-20,P008,424,285
2025-04-20,P009,430,468
2025-04-20,P010,452,580
2025-04-20,P011,502,630
2025-04-20,P012,398,231
2025-04-20,P013,467,570
2025-04-20,P014,500,611
2025-04-20,P015,444,204
2025-04-20,P016,415,487
2025-04-20,P017,476,556
2025-04-20,P018,426,264
2025-04-20,P019,451,559
2025-04-20,P020,465,664
2025-04-21,P001,479,642
2025-04-21,P002,503,460
2025-04-21,P003,473,554
2025-04-21,P004,485,393
2025-04-21,P005,440,551
2025-04-21,P006,458,460
2025-04-21,P007,504,473
2025-04-21,P008,515,518
2025-04-21,P009,432,285
2025-04-21,P010,445,307
2025-04-21,P011,489,434
2025-04-21,P012,478,451
2025-04-21,P013,464,514
2025-04-21,P014,498,507
2025-04-21,P015,462,486
2025-04-21,P016,468,455
2025-04-21,P017,499,577
2025-04-21,P018,490,527
2025-04-21,P019,498,561
2025-04-21,P020,522,574
2025-04-22,P001,369,338
2025-04-22,P002,462,454
2025-04-22,P003,453,577
2025-04-22,P004,432,441
2025-04-22,P005,408,384
2025-04-22,P006,388,162
2025-04-22,P007,459,540
2025-04-22,P008,441,602
2025-04-22,P009,514,593
2025-04-22,P010,497,481
2025-04-22,P011,397,306
2025-04-22,P012,452,517
2025-04-22,P013,398,402
2025-04-22,P014,419,476
2025-04-22,P015,503,444
2025-04-22,P016,459,460
2025-04-22,P017,489,377
2025-04-22,P018,491,573
2025-04-22,P019,475,385
2025-04-22,P020,499,445
2025-04-23,P001,480,535
2025-04-23,P002,424,388
2025-04-23,P003,411,434
2025-04-23,P004,465,575
2025-04-23,P005,521,578
2025-04-23,P006,452,597
2025-04-23,P007,533,533
2025-04-23,P008,478,412
2025-04-23,P009,405,393
2025-04-23,P010,432,379
2025-04-23,P011,516,585
2025-04-23,P012,393,587
2025-04-23,P013,402,358
2025-04-23,P014,379,351
2025-04-23,P015,494,524
2025-04-23,P016,487,403
2025-04-23,P017,414,322
2025-04-23,P018,482,485
2025-04-23,P019,465,474
2025-04-23,P020,420,386
2025-04-24,P001,450,489
2025-04-24,P002,376,328
2025-04-24,P003,506,421
2025-04-24,P004,389,311
2025-04-24,P005,418,535
2025-04-24,P006,499,435
2025-04-24,P007,524,487
2025-04-24,P008,494,513
2025-04-24,P009,497,694
2025-04-24,P010,455,367
2025-04-24,P011,468,414
2025-04-24,P012,441,506
2025-04-24,P013,374,353
2025-04-24,P014,470,545
2025-04-24,P015,456,442
2025-04-24,P016,472,673
2025-04-24,P017,503,439
2025-04-24,P018,412,406
2025-04-24,P019,443,555
2025-04-24,P020,436,369
2025-04-25,P001,482,476
2025-04-25,P002,475,556
2025-04-25,P003,462,341
2025-04-25,P004,451,316
2025-04-25,P005,429,638
2025-04-25,P006,411,443
2025-04-25,P007,431,418
2025-04-25,P008,416,421
2025-04-25,P009,510,673
2025-04-25,P010,496,425
2025-04-25,P011,395,443
2025-04-25,P012,460,477
2025-04-25,P013,444,403
2025-04-25,P014,531,541
2025-04-25,P015,443,574
2025-04-25,P016,460,507
2025-04-25,P017,437,341
2025-04-25,P018,448,416
2025-04-25,P019,480,367
2025-04-25,P020,449,461
2025-04-26,P001,354,292
2025-04-26,P002,504,499
2025-04-26,P003,477,653
2025-04-26,P004,475,579
2025-04-26,P005,405,368
2025-04-26,P006,490,528
2025-04-26,P007,464,398
2025-04-26,P008,386,429
2025-04-26,P009,514,419
2025-04-26,P010,415,322
2025-04-26,P011,452,530
2025-04-26,P012,392,433
2025-04-26,P013,416,486
2025-04-26,P014,520,441
2025-04-26,P015,459,527
2025-04-26,P016,470,336
2025-04-26,P017,428,353
2025-04-26,P018,473,510
2025-04-26,P019,413,301
2025-04-26,P020,502,577
2025-04-27,P001,451,633
2025-04-27,P002,477,421
2025-04-27,P003,481,488
2025-04-27,P004,455,415
2025-04-27,P005,420,312
2025-04-27,P006,395,463
2025-04-27,P007,500,429
2025-04-27,P008,402,291
2025-04-27,P009,472,414
2025-04-27,P010,461,403
2025-04-27,P011,504,579
2025-04-27,P012,381,325
2025-04-27,P013,481,400
2025-04-27,P014,394,495
2025-04-27,P015,520,639
2025-04-27,P016,546,548
2025-04-27,P017,477,571
2025-04-27,P018,402,385
2025-04-27,P019,463,377
2025-04-27,P020,446,554
2025-04-28,P001,445,308
2025-04-28,P002,432,352
2025-04-28,P003,444,390
2025-04-28,P004,493,650
2025-04-28,P005,415,317
2025-04-28,P006,442,382
2025-04-28,P007,533,628
2025-04-28,P008,472,525
2025-04-28,P009,514,421
2025-04-28,P010,450,274
2025-04-28,P011,446,427
2025-04-28,P012,480,337
2025-04-28,P013,485,394
2025-04-28,P014,516,598
2025-04-28,P015,537,583
2025-04-28,P016,454,501
2025-04-28,P017,402,497
2025-04-28,P018,488,464
2025-04-28,P019,510,493
2025-04-28,P020,511,565
2025-04-29,P001,516,488
2025-04-29,P002,467,539
2025-04-29,P003,427,535
2025-04-29,P004,446,296
2025-04-29,P005,416,250
2025-04-29,P006,433,440
2025-04-29,P007,532,342
2025-04-29,P008,426,344
2025-04-29,P009,497,508
2025-04-29,P010,421,412
2025-04-29,P011,558,723
2025-04-29,P012,535,541
2025-04-29,P013,427,476
2025-04-29,P014,464,368
2025-04-29,P015,455,470
2025-04-29,P016,514,461
2025-04-29,P017,543,505
2025-04-29,P018,438,360
2025-04-29,P019,392,353
2025-04-29,P020,524,594
2025-04-30,P001,444,353
2025-04-30,P002,518,588
2025-04-30,P003,585,583
2025-04-30,P004,524,445
2025-04-30,P005,429,455
2025-04-30,P006,481,374
2025-04-30,P007,514,560
2025-04-30,P008,513,414
2025-04-30,P009,533,519
2025-04-30,P010,503,618
2025-04-30,P011,484,489
2025-04-30,P012,475,531
2025-04-30,P013,372,409
2025-04-30,P014,448,565
2025-04-30,P015,501,349
2025-04-30,P016,431,404
2025-04-30,P017,445,499
2025-04-30,P018,537,507
2025-04-30,P019,516,570
2025-04-30,P020,499,532
